{"cameraMode":{"drawMode":0,"name":"Shaded","section":"Shading Mode"},"sceneLighting":true,"audioPlay":false,"sceneViewState":{"showFog":true,"showMaterialUpdate":false,"showSkybox":true,"showFlares":true,"showImageEffects":true,"showParticleSystems":true},"in2DMode":false,"pivot":{"x":2.2121286392211916,"y":-2.3439130783081056,"z":1.8894822597503663},"rotation":{"x":-0.20979571342468263,"y":0.130666121840477,"z":-0.028302883729338647,"w":-0.9685636758804321},"size":6.26049280166626,"orthographic":false}